Client_ID,NEXT_MONTH_DEFAULT
A20170,1
A16887,1
A3430,1
A3696,1
A20474,1
A24270,1
A3052,1
A11159,1
A8192,1
A25046,1
A18374,1
A26116,1
A17207,1
A11078,1
A13410,1
A23431,1
A23559,1
A12471,1
A2347,1
A13816,1
A2514,1
A16317,1
A27532,1
A11235,1
A17715,1
A25032,1
A3218,1
A18201,1
A28083,1
A22852,1
A29764,1
A12798,1
A25524,1
A11824,1
A8480,1
A8539,1
A21671,1
A23929,1
A18192,1
A21451,1
A6772,1
A29990,1
A25181,1
A13613,1
A20126,1
A21662,1
A13021,1
A15447,1
A18015,1
A5985,1
A16607,1
A8093,1
A15068,1
A6395,1
A13855,1
A9641,1
A11561,1
A29174,1
A23448,1
A29867,1
A29191,1
A16063,1
A12737,1
A27017,1
A21478,1
A4756,0
A10603,1
A8173,1
A23374,1
A18008,1
A21891,1
A5998,1
A6515,1
A27507,1
A2478,1
A5108,1
A15291,1
A16302,1
A19710,1
A15301,1
A26671,1
A13751,1
A23471,1
A29380,1
A26636,1
A25523,1
A1145,1
A8208,1
A1976,1
A17814,1
A21458,1
A25525,1
A2691,1
A23685,1
A4652,1
A12117,1
A13236,1
A757,1
A2329,1
A22058,1
A20111,1
A5305,1
A15658,1
A2469,1
A27290,1
A14826,1
A13159,1
A22296,1
A25996,1
A25737,1
A5483,1
A23095,1
A1867,1
A3386,1
A6682,1
A15593,1
A23600,1
A15615,1
A5238,1
A1061,1
A2779,1
A8520,1
A11355,1
A5704,1
A9410,1
A26771,1
A8031,1
A14999,1
A29516,1
A2842,1
A1285,1
A13047,1
A334,1
A27944,1
A9071,1
A11089,1
A6988,1
A20702,1
A22504,1
A18880,1
A1247,1
A12982,1
A20650,1
A4483,1
A10576,1
A5850,1
A10662,1
A1752,1
A13739,1
A17107,1
A23428,1
A28657,1
A27338,1
A5614,1
A21298,1
A19212,1
A21375,1
A10029,1
A6949,1
A18922,1
A14276,1
A27748,1
A11465,1
A12186,1
A22811,1
A8095,1
A7086,1
A19527,1
A22165,1
A28649,1
A13276,1
A10512,1
A19538,1
A7816,1
A6538,1
A7877,1
A18903,1
A24222,1
A27105,1
A21191,1
A20938,1
A24753,1
A19684,1
A7298,1
A4747,1
A27630,1
A22575,1
A16498,1
A14337,1
A19146,1
A23328,1
A8649,1
A25725,1
A15993,1
A2366,1
A4491,1
A28772,1
A6586,1
A29582,1
A17658,1
A10410,1
A5012,1
A4672,1
A24271,1
A19471,1
A3348,1
A24242,1
A22656,1
A7917,1
A26159,1
A19639,1
A24978,1
A13182,1
A29286,1
A17881,1
A14389,1
A14164,1
A10763,1
A13517,1
A18326,1
A13911,1
A10548,1
A2688,1
A4007,1
A18335,1
A19790,1
A25548,1
A24366,1
A22489,1
A22757,1
A20928,1
A8684,1
A7675,1
A19091,1
A22155,1
A26572,1
A12948,1
A19274,1
A16686,1
A26962,1
A21148,1
A5648,1
A26949,1
A11217,1
A16056,1
A28837,1
A7540,1
A11511,1
A15176,1
A11210,1
A11525,1
A17236,1
A22380,1
A13779,1
A1070,1
A24692,1
A4084,1
A11796,1
A16082,1
A29496,1
A10689,1
A21284,1
A8698,1
A8998,1
A21688,1
A9771,1
A19851,1
A4669,1
A10643,1
A17014,1
A3498,1
A2574,1
A22911,1
A10042,1
A29550,1
A7683,1
A10170,1
A6476,1
A29332,1
A24119,1
A24785,1
A7728,1
A6826,1
A18736,1
A3623,1
A17628,1
A26496,1
A703,1
A1543,1
A28158,1
A18783,1
A1043,1
A177,1
A26978,1
A17329,1
A11394,1
A26237,1
A29980,1
A16054,1
A24632,1
A5260,1
A13695,1
A19748,1
A9097,1
A15489,1
A28759,1
A5231,1
A16781,1
A11051,1
A7465,1
A16460,1
A1349,1
A11205,1
A9173,1
A10813,1
A23248,1
A12218,1
A26061,1
A15584,1
A1398,1
A7048,1
A16045,1
A14573,1
A2146,1
A3235,1
A11981,1
A19677,1
A25479,1
A15234,1
A17079,1
A5353,1
A23352,1
A25161,1
A13487,1
A9096,1
A25499,1
A17436,1
A13324,1
A26731,1
A17405,1
A26279,1
A12932,1
A21623,1
A1835,1
A25896,1
A4848,1
A9841,1
A21863,1
A21722,1
A28996,1
A24977,1
A4216,1
A755,1
A9101,1
A15715,1
A14288,1
A19479,1
A737,1
A29973,1
A23637,1
A28674,1
A19862,1
A1351,1
A12856,1
A22796,1
A22657,1
A25682,1
A10061,1
A9138,1
A18821,1
A28072,1
A10200,1
A83,1
A13601,1
A8532,1
A17897,1
A25730,1
A735,1
A16319,1
A29941,1
A6014,1
A12944,1
A2414,1
A14259,1
A25621,1
A7795,1
A24186,1
A10642,1
A10925,1
A20343,1
A26209,1
A23085,1
A4229,1
A19827,1
A9586,1
A697,1
A19482,1
A4261,1
A23169,1
A10427,1
A15682,1
A17381,1
A1198,1
A15592,1
A18325,1
A7517,1
A7365,1
A26932,1
A8784,1
A18001,1
A23124,1
A11196,1
A26655,1
A15089,1
A27510,1
A25064,1
A23209,1
A3588,1
A16646,1
A24061,1
A23631,1
A18384,1
A25474,1
A22816,1
A18280,1
A19733,1
A16597,1
A6773,1
A6157,1
A5393,1
A15641,1
A5423,1
A3402,1
A3539,1
A29521,1
A8729,1
A17691,1
A23515,1
A24364,1
A21642,1
A6842,1
A5237,1
A21830,1
A248,1
A24199,1
A14434,1
A15936,1
A20052,1
A26360,1
A25794,1
A28886,1
A17879,1
A13735,1
A16261,1
A5594,1
A21263,1
A24580,1
A1766,1
A26,1
A6928,1
A28833,1
A20467,1
A5589,1
A15331,1
A10717,1
A14614,1
A7276,1
A14325,1
A8033,1
A20468,1
A1453,1
A11963,1
A21679,1
A20173,1
A22404,1
A12299,1
A6223,1
A29414,1
A29803,1
A23828,1
A23034,1
A12962,1
A9436,1
A10139,1
A24927,1
A23393,1
A22730,1
A21399,1
A3081,1
A15361,1
A20008,1
A13530,1
A24915,1
A25958,1
A4026,1
A26779,1
A14100,1
A15443,1
A256,1
A24389,1
A17192,1
A10709,1
A24881,1
A26969,1
A25580,1
A23931,1
A959,1
A15808,1
A4569,1
A20389,1
A15946,1
A15775,1
A7025,1
A9318,1
A27669,1
A19695,1
A7654,1
A16343,1
A11877,1
A22790,1
A25655,1
A10305,1
A28749,1
A8794,1
A22987,1
A15533,1
A7578,1
A16197,1
A28357,1
A19149,1
A20430,1
A6122,1
A13586,1
A2082,1
A5224,1
A10106,1
A8210,1
A9699,1
A27089,1
A16871,1
A2784,1
A9767,1
A9778,1
A22869,1
A19236,1
A3418,1
A24454,1
A9633,1
A26030,1
A1936,1
A23388,1
A13012,1
A19625,1
A19981,1
A17976,1
A13837,1
A24718,1
A20407,1
A26056,1
A27294,1
A22013,1
A21066,1
A9005,1
A7715,1
A11497,1
A17855,1
A12204,1
A21649,1
A7984,1
A15436,1
A28368,1
A18517,1
A7262,1
A25473,1
A20552,1
A12897,1
A6569,1
A2619,1
A18152,1
A5232,1
A21103,1
A11892,1
A29885,1
A26714,1
A28933,1
A16262,1
A16681,1
A29188,1
A24011,1
A5184,1
A13448,1
A25232,1
A27324,1
A7705,1
A23989,1
A11527,1
A26898,1
A11098,1
A26880,1
A27190,1
A10024,1
A24739,1
A16009,1
A7748,1
A543,1
A9888,1
A3708,1
A8527,1
A17012,1
A595,1
A10021,1
A14712,1
A14044,1
A21301,1
A9716,1
A11470,1
A22733,1
A19930,1
A9529,1
A1248,1
A21768,1
A27406,1
A22814,1
A21804,1
A22208,1
A29245,1
A12753,1
A26399,1
A1932,1
A26798,1
A22082,1
A10701,1
A29454,1
A5686,1
A21932,1
A28427,1
A27433,1
A12240,1
A25136,1
A589,1
A14414,1
A244,1
A4726,1
A5286,1
A24897,1
A6388,1
A19938,1
A5521,1
A24720,1
A7200,1
A12114,1
A18088,1
A29359,1
A10776,1
A3165,1
A6294,1
A20208,1
A26037,1
A27274,1
A22438,1
A28078,1
A27436,1
A12547,1
A17690,1
A6698,1
A17651,1
A6422,1
A15189,1
A13556,1
A1889,1
A8595,1
A11283,1
A11528,1
A616,1
A4161,1
A18300,1
A18118,1
A24047,1
A26262,1
A1403,1
A18980,1
A16030,1
A5842,1
A24954,1
A13462,1
A7605,1
A6453,1
A22681,1
A22995,1
A20721,1
A18363,1
A16698,1
A29893,1
A16476,1
A20237,1
A27191,1
A29387,1
A8888,1
A26878,1
A9856,1
A22147,1
A2902,1
A7600,1
A2899,1
A18527,1
A24987,1
A22083,1
A3786,1
A3193,1
A20752,1
A8614,1
A2334,1
A7920,1
A4449,1
A8346,1
A16912,1
A6516,1
A15069,1
A29074,1
A1030,1
A27846,1
A2914,1
A9776,1
A22818,1
A10025,1
A29846,1
A23803,1
A10117,1
A1443,1
A9677,1
A5411,1
A19510,1
A22549,1
A14982,1
A22352,1
A23648,1
A26688,1
A4494,1
A26317,1
A28526,1
A22755,1
A27134,1
A22770,1
A26462,1
A23612,1
A5188,1
A8401,1
A13992,1
A1446,1
A28869,1
A3785,1
A11510,1
A4168,1
A7187,1
A9111,1
A19202,1
A22705,1
A21857,1
A14186,1
A26938,1
A4604,1
A6878,1
A24070,1
A18257,1
A2693,1
A24534,1
A15948,1
A4761,1
A27917,1
A1034,1
A15644,1
A17565,1
A22406,1
A17571,1
A17088,1
A27092,1
A6496,1
A4173,1
A14246,1
A15870,1
A17217,1
A1968,1
A19947,1
A14931,1
A23947,1
A3041,1
A530,1
A28796,1
A15838,1
A26196,1
A744,1
A12907,1
A3550,1
A8494,1
A17578,1
A23680,1
A14934,1
A26490,1
A15828,1
A10585,1
A26873,1
A29066,1
A1739,1
A10090,1
A25598,1
A1719,1
A19071,1
A30,1
A9534,1
A21426,1
A16706,1
A972,1
A7839,1
A26083,1
A28216,1
A8830,1
A3891,1
A639,1
A29513,1
A3939,1
A871,1
A2389,1
A16046,1
A17671,1
A3095,1
A2699,1
A29263,1
A20689,1
A1720,1
A22076,1
A4708,1
A16093,1
A22116,1
A7891,1
A14286,1
A17823,1
A19506,1
A26797,1
A14505,1
A12613,1
A13759,1
A29793,1
A2868,1
A14964,1
A19608,1
A16888,1
A23944,1
A10756,1
A24175,1
A22506,1
A27084,1
A18587,1
A24177,1
A1085,1
A17425,1
A24158,1
A12463,1
A6194,1
A27760,1
A9790,1
A20084,1
A20411,0
A27583,1
A9803,1
A11689,1
A28927,1
A16689,1
A16889,1
A1472,1
A26386,1
A5525,1
A25678,1
A23163,1
A28131,1
A18270,1
A25681,1
A9149,1
A2648,1
A20355,1
A23074,1
A2853,1
A24391,1
A1048,1
A17549,1
A18832,1
A29291,1
A346,1
A1463,1
A15924,1
A21716,1
A4853,1
A7332,1
A8123,1
A11213,1
A23980,1
A12005,1
A29853,1
A6287,1
A23488,1
A11761,1
A2013,1
A14622,1
A2912,1
A18497,1
A3795,1
A10346,1
A26280,1
A14297,1
A11165,1
A24220,1
A23459,1
A18278,1
A19348,1
A14781,1
A1554,1
A26130,1
A3574,1
A11859,1
A5538,1
A18361,1
A25348,1
A10983,1
A2129,1
A15137,1
A8670,1
A2538,1
A14048,1
A18196,1
A11475,1
A18612,1
A24996,1
A11113,1
A9815,1
A9905,1
A9446,1
A10994,1
A11112,1
A13775,1
A12451,1
A18131,1
A17910,1
A1680,1
A1743,1
A6345,1
A29943,1
A9185,1
A5901,1
A28290,1
A13085,1
A26788,1
A24212,1
A16188,1
A7406,1
A8059,1
A14397,1
A23611,1
A15789,1
A10768,1
A20900,1
A18425,1
A10465,1
A15395,1
A16106,1
A12757,1
A15970,1
A4027,1
A19437,1
A7959,1
A8140,1
A17068,1
A7888,1
A21096,1
A17828,1
A26134,1
A29938,1
A9598,1
A20143,1
A13270,1
A19627,1
A2019,1
A10009,1
A3757,1
A27040,1
A16870,1
A10762,1
A24357,1
A8605,1
A26079,1
A27652,1
A18056,1
A16566,1
A9259,1
A16333,1
A5598,1
A28503,1
A7489,1
A29851,1
A25718,1
A9570,1
A24984,1
A11107,1
A11291,1
A3173,1
A5828,1
A28049,1
A9200,1
A16610,1
A8626,1
A18946,1
A23699,1
A20057,1
A24103,1
A19796,1
A3831,1
A26901,1
A29735,1
A2285,1
A22453,1
A13409,1
A2364,1
A28324,1
A20297,1
A4304,1
A12453,1
A27106,1
A26367,1
A785,1
A15275,1
A14283,1
A20251,1
A2709,1
A14644,1
A22007,1
A10257,1
A12908,1
A19494,1
A25965,1
A1,1
A19227,1
A16596,1
A6953,1
A29767,1
A22873,1
A23906,1
A24425,1
A8422,1
A7567,1
A131,1
A20796,1
A28973,1
A1813,1
A903,1
A19935,1
A25726,1
A24042,1
A11681,0
A24884,1
A12495,1
A1886,1
A17809,1
A29624,1
A6902,1
A23336,1
A18401,1
A9042,1
A18958,1
A20177,1
A4389,1
A14485,1
A11462,1
A13125,1
A27304,1
A14384,1
A1604,1
A7433,1
A17656,1
A493,1
A24124,1
A5621,1
A1527,1
A8445,1
A1019,1
A29192,1
A1755,1
A2758,1
A20000,1
A6805,1
A14204,1
A8052,1
A18943,1
A10952,1
A17053,1
A20073,1
A4979,1
A7377,1
A9360,1
A28203,1
A3046,1
A23495,1
A5730,1
A1252,1
A17744,1
A6200,1
A16076,1
A18647,1
A2397,1
A17472,1
A11335,1
A22704,1
A13554,1
A4840,1
A29408,1
A26660,1
A12228,1
A17234,1
A9805,1
A16407,1
A18406,1
A28006,1
A10342,1
A16570,1
A9588,1
A26874,1
A1801,1
A17816,1
A3597,1
A21467,1
A27315,1
A15114,1
A8312,1
A29619,1
A5906,1
A2894,1
A29679,1
A4394,1
A23645,1
A18653,1
A1293,1
A22878,1
A9102,1
A18174,1
A29494,1
A8664,1
A286,1
A20795,1
A1041,1
A9116,1
A23770,1
A7092,1
A3019,1
A4541,1
A20072,1
A22361,1
A6457,1
A5811,1
A16680,1
A8632,1
A2901,1
A8639,1
A22097,1
A27876,1
A6207,1
A5395,1
A15916,1
A19412,1
A16945,1
A6525,1
A10906,1
A19260,1
A1358,1
A12492,1
A26111,1
A21576,1
A20975,1
A19399,1
A9372,1
A19475,1
A21357,1
A9091,1
A22114,1
A11429,1
A18139,1
A20345,1
A19593,1
A21056,1
A484,1
A26852,1
A17629,1
A398,1
A4653,1
A19673,1
A29453,1
A28714,1
A16177,1
A21420,1
A4414,1
A25216,1
A19440,1
A11435,1
A26424,1
A2812,1
A6562,1
A18635,1
A11452,1
A8624,1
A9394,1
A10272,1
A23880,1
A18188,1
A24599,1
A21141,1
A12974,1
A15283,1
A22034,1
A28584,1
A12086,1
A15947,1
A6147,1
A15697,1
A16603,1
A6288,1
A435,1
A19398,1
A3672,1
A14403,1
A15159,1
A5725,1
A28447,1
A8198,1
A26351,1
A25977,1
A16354,1
A7747,1
A10948,1
A4868,1
A6075,1
A12713,1
A13257,1
A1456,1
A20539,1
A29342,1
A20542,1
A3247,1
A4575,1
A4085,1
A4625,1
A28952,1
A6690,1
A15438,1
A19585,1
A26204,1
A17907,1
A5328,1
A1873,1
A2035,1
A26870,1
A2756,1
A29776,1
A15855,1
A4072,1
A2454,1
A19936,1
A21843,1
A6719,1
A25248,1
A12789,1
A11034,1
A26846,1
A8321,1
A14752,1
A24054,1
A6898,1
A23961,1
A17684,1
A2312,1
A12048,1
A25594,1
A18072,1
A4381,1
A26506,1
A22150,1
A11306,1
A29451,1
A29659,1
A9086,1
A9656,1
A28122,1
A105,1
A9049,1
A5103,1
A25747,1
A12444,1
A5574,1
A21795,1
A20240,1
A12887,1
A14114,1
A8740,1
A21256,1
A25230,1
A16066,1
A25308,1
A598,1
A10673,1
A21972,1
A1696,1
A27579,1
A26404,1
A23607,1
A23120,1
A18395,1
A19225,1
A28760,1
A25582,1
A22285,1
A2837,1
A10077,1
A6414,1
A5937,1
A14192,1
A11921,1
A23789,1
A25565,1
A24515,1
A18733,1
A21888,1
A7131,1
A26818,1
A28924,1
A26507,1
A23261,1
A14707,1
A11951,1
A22227,1
A5234,1
A1094,1
A28544,1
A10363,1
A5336,1
A19812,1
A17880,1
A1133,1
A8350,1
A21269,1
A6609,1
A26470,1
A6378,1
A13708,1
A24192,1
A23889,1
A25352,1
A22590,1
A12120,1
A5507,1
A15104,1
A21101,1
A1979,1
A13514,1
A857,1
A16911,1
A9729,1
A28297,1
A5263,1
A11358,1
A24007,1
A7878,1
A9727,1
A18753,1
A1027,1
A13959,1
A14177,1
A22203,1
A24084,1
A24706,1
A29607,1
A10012,1
A10155,1
A11005,1
A17725,1
A19312,1
A24372,1
A12412,1
A18759,1
A26740,1
A18052,1
A22246,1
A24712,1
A9885,1
A416,1
A23447,1
A11593,1
A3943,1
A25661,1
A17984,1
A4767,1
A14989,1
A19601,1
A18329,1
A16304,1
A24256,1
A5655,1
A19547,1
A16192,1
A25829,1
A17443,1
A29794,1
A7571,1
A21619,1
A11466,1
A18857,1
A25826,1
A2985,1
A6101,1
A28239,1
A9505,1
A23752,1
A15022,1
A24654,1
A15040,1
A8625,1
A7146,1
A18616,1
A17275,1
A21024,1
A5467,1
A22624,1
A1822,1
A25237,1
A7136,1
A3335,1
A15116,1
A17730,1
A1093,1
A21307,1
A28234,1
A27047,1
A3382,1
A4612,1
A22298,1
A2687,1
A16741,1
A5149,1
A7850,1
A21635,1
A26238,1
A14967,1
A20287,1
A17756,1
A11973,1
A23350,1
A6298,1
A20845,1
A6843,1
A25393,1
A22384,1
A22164,1
A1167,1
A23877,1
A20605,1
A17184,1
A25688,1
A25632,1
A3376,1
A22402,1
A9011,1
A24265,1
A14482,1
A14971,1
A21906,1
A10494,1
A16576,1
A13340,1
A23077,1
A7985,1
A4278,1
A21720,1
A2698,1
A6172,1
A9202,1
A11883,1
A23936,1
A18557,1
A17218,1
A27172,1
A16210,1
A28676,1
A14189,1
A26674,1
A17509,1
A26260,1
A17772,1
A3054,1
A29313,1
A21306,1
A22747,1
A26787,1
A22075,1
A16934,1
A16000,1
A15790,1
A22481,1
A20238,1
A3514,1
A29419,1
A26150,1
A21382,1
A211,1
A16943,1
A16152,1
A24106,1
A29143,1
A10063,1
A957,1
A2615,1
A1602,1
A3602,1
A5316,1
A7716,1
A19455,1
A19269,1
A11374,1
A16047,1
A3859,1
A25069,1
A24854,1
A11667,1
A27235,1
A12561,1
A24492,1
A10415,1
A24890,1
A10467,1
A3374,1
A22154,1
A6342,1
A11391,1
A20982,1
A18814,1
A1301,1
A13832,1
A22399,1
A24935,1
A21018,1
A25482,1
A12565,1
A10399,1
A8416,1
A16157,1
A6376,1
A24197,1
A12213,1
A16739,1
A17251,1
A25833,1
A11443,1
A2207,1
A12206,1
A5920,1
A21135,1
A16902,1
A21570,1
A26274,1
A5721,1
A14739,1
A1737,1
A7955,1
A28631,1
A25315,1
A4692,1
A9661,1
A1951,1
A17142,1
A19118,1
A11591,1
A12404,1
A12293,1
A13725,1
A11828,1
A26427,1
A7794,1
A9884,1
A4617,1
A20135,1
A25267,1
A2742,1
A27665,1
A7810,1
A11232,1
A19574,1
A9975,1
A6752,1
A16584,1
A10704,1
A9073,1
A17717,1
A18299,1
A11950,0
A28791,1
A12125,1
A27781,1
A19558,1
A8248,1
A6702,1
A22115,1
A27055,1
A27545,1
A448,1
A6981,1
A16709,1
A25887,1
A1452,1
A26469,1
A25224,1
A17481,1
A3734,1
A10175,1
A27483,1
A27206,1
A12103,0
A13135,1
A11532,1
A11433,1
A25866,1
A3038,1
A16274,1
A17359,1
A27744,1
A27798,1
A21211,1
A7011,1
A13756,1
A27735,1
A4305,1
A10893,1
A970,1
A3738,1
A15475,1
A26174,1
A20381,1
A15441,1
A7017,1
A3791,1
A4658,1
A1764,1
A10801,1
A14143,1
A6174,1
A18698,1
A23553,1
A14952,1
A3401,1
A404,1
A7933,1
A3888,1
A29674,1
A15573,1
A17574,1
A2231,1
A18345,1
A14001,1
A9578,1
A23516,1
A4442,1
A18318,1
A13698,1
A14991,1
A745,1
A13185,1
A23196,1
A23927,1
A1487,1
A16390,1
A19124,1
A25005,1
A18690,1
A8049,1
A4271,1
A3351,1
A25065,1
A27292,1
A6620,1
A13335,1
A16375,1
A17916,1
A22048,1
A22095,1
A6841,1
A28566,1
A13906,1
A14451,1
A24405,1
A3365,1
A17649,1
A26875,1
A14808,1
A23918,1
A10677,1
A8151,1
A28965,1
A8298,1
A3822,1
A28820,1
A26621,1
A18261,1
A672,1
A12344,1
A17764,1
A5171,1
A2913,1
A29459,1
A11199,1
A28373,1
A26284,1
A24466,1
A19961,1
A16239,1
A28315,1
A24658,1
A6534,1
A849,1
A15770,1
A18714,1
A21330,1
A8709,1
A10449,1
A21468,1
A7216,1
A14107,1
A14824,1
A29886,1
A11659,1
A26857,1
A21185,1
A7987,1
A3535,1
A18701,1
A12108,1
A24852,1
A19918,1
A2110,1
A1631,1
A21537,1
A17274,1
A2716,1
A4745,1
A9712,1
A656,1
A17105,1
A4560,1
A7581,1
A9498,1
A7833,1
A16256,1
A10167,1
A16611,1
A18901,1
A7911,1
A19514,1
A1057,1
A11529,1
A23844,1
A17539,1
A24983,1
A14679,1
A14521,1
A12615,1
A23533,1
A15265,1
A24390,1
A27066,1
A18119,1
A24369,1
A3834,1
A4972,1
A23390,1
A12264,1
A22003,1
A27419,1
A23188,1
A293,1
A9603,1
A15727,1
A29723,1
A24208,1
A13077,1
A18390,1
A5956,1
A9258,1
A17222,1
A28367,1
A12731,1
A27612,1
A15618,1
A15524,1
A25783,1
A24953,1
A25453,1
A25986,1
A4294,1
A1023,1
A1636,1
A9847,1
A13829,1
A24268,1
A29719,1
A18591,1
A13565,1
A7063,1
A10897,1
A13189,1
A23816,1
A72,1
A13211,1
A26843,1
A20141,1
A24129,1
A25573,1
A10518,1
A13940,1
A21889,1
A4717,1
A12597,1
A368,1
A5438,1
A4043,1
A19931,1
A4403,1
A24173,1
A26995,1
A15187,1
A23617,1
A29125,1
A17985,1
A20133,1
A21062,1
A16437,1
A16324,1
A28951,1
A8615,1
A18668,1
A23917,1
A10824,1
A7215,1
A25430,1
A7591,1
A28663,1
A23874,1
A10895,1
A3559,1
A13820,1
A4454,1
A21950,1
A8610,1
A11798,1
A19512,1
A25073,1
A27201,1
A24722,1
A6887,1
A23845,1
A559,1
A13591,1
A29432,1
A2104,1
A17387,1
A2519,1
A9168,1
A4383,1
A12528,1
A11555,1
A5532,1
A16993,1
A90,1
A1373,1
A10616,1
A7211,1
A5889,1
A21071,1
A27156,1
A13232,1
A25809,1
A24319,1
A19919,1
A11231,1
A6629,1
A27392,1
A22041,1
A25162,1
A17932,1
A12688,1
A24908,1
A21351,1
A834,1
A4808,1
A12859,1
A20074,1
A17999,1
A17358,1
A22982,1
A29911,1
A3097,1
A6383,1
A14584,1
A4629,1
A7814,1
A6923,1
A10995,1
A23060,1
A29287,1
A5343,1
A607,1
A20649,1
A15792,1
A22671,1
A10514,1
A26739,1
A29383,1
A68,1
A4182,1
A10820,1
A8567,1
A6156,1
A3526,1
A28807,1
A3022,1
A16159,1
A25250,1
A3233,1
A13342,1
A22643,1
A5557,1
A28166,1
A16653,1
A3381,1
A4765,1
A7908,1
A5124,1
A18010,1
A5702,1
A20511,1
A15982,1
A10247,1
A2061,1
A7755,1
A8877,1
A22654,1
A6240,1
A8566,1
A3563,1
A10702,1
A28912,1
A457,1
A13457,1
A685,1
A7421,1
A23837,1
A9833,1
A7906,1
A5314,1
A7618,1
A25351,1
A16693,1
A27557,1
A931,1
A21316,1
A8116,1
A13107,1
A6695,1
A13656,1
A20166,1
A10142,1
A24003,1
A4537,1
A23425,1
A27686,1
A28575,1
A23007,1
A6469,1
A632,1
A19325,1
A17605,1
A20513,1
A8077,1
A21647,1
A8099,1
A13004,1
A7966,1
A16487,1
A11551,1
A12691,1
A9780,1
A14604,1
A21670,1
A23387,1
A4886,1
A1049,1
A1616,1
A26169,1
A11880,1
A3042,1
A12166,1
A27504,1
A3962,1
A8946,1
A11458,1
A4068,1
A7443,1
A25510,1
A21609,1
A7242,1
A9141,1
A24211,1
A21121,1
A50,1
A14930,1
A8475,1
A12904,1
A25929,1
A11686,1
A13866,1
A3605,1
A19752,1
A21127,1
A11167,1
A16634,1
A4981,1
A26553,1
A12860,1
A21966,1
A22898,1
A16808,1
A9800,1
A13578,1
A27184,1
A19913,1
A28563,1
A22689,1
A29154,1
A17806,1
A5997,1
A19203,1
A21264,1
A26381,1
A13688,1
A19410,1
A24541,1
A6526,1
A16900,1
A18334,1
A4559,1
A10245,1
A18289,1
A16542,1
A2851,1
A16716,1
A26534,1
A29128,1
A6019,1
A9340,1
A3299,1
A18484,1
A22284,1
A11910,1
A23453,1
A14217,1
A8279,1
A3560,1
A29772,1
A10180,1
A22925,1
A22052,1
A25825,1
A12963,1
A13726,1
A20535,1
A24144,1
A11284,1
A7782,1
A5506,1
A12029,1
A17319,1
A18212,1
A18687,1
A18642,1
A24939,1
A27875,1
A22541,1
A500,1
A10859,1
A23075,1
A10287,1
A23222,1
A23244,1
A17046,1
A19671,1
A14098,1
A719,1
A21794,1
A24883,1
A19378,1
A23020,1
A1343,1
A22179,1
A12075,1
A490,1
A5625,1
A1885,1
A22832,1
A2723,1
A2020,1
A3477,1
A27677,1
A19746,1
A28766,1
A14968,1
A2820,1
A11001,1
A2391,1
A15761,1
A430,1
A3523,1
A18463,1
A2269,1
A15474,1
A4360,1
A22926,1
A7000,1
A8094,1
A14052,1
A10220,1
A20422,1
A20194,1
A12419,1
A20152,1
A2014,1
A24523,1
A26010,1
A10404,1
A16670,1
A27387,1
A14393,1
A24520,1
A8995,1
A6093,1
A28695,1
A5128,1
A6309,1
A8565,1
A3039,1
A12559,1
A12490,1
A1471,1
A29945,1
A29578,1
A8780,1
A29478,1
A2031,1
A22913,1
A1587,1
A24111,1
A15594,1
A4198,1
A25967,1
A27420,1
A22749,1
A23294,1
A16678,1
A15869,1
A10842,1
A23160,1
A16863,1
A27974,1
A25633,1
A7436,1
A20482,1
A10311,1
A4824,1
A21309,1
A12937,1
A4567,1
A6768,1
A1938,1
A7388,1
A1702,1
A19116,1
A16266,1
A27259,1
A6744,1
A9344,1
A17788,1
A7353,1
A25696,1
A26402,1
A3316,1
A28732,1
A27930,1
A18663,1
A4447,1
A4524,1
A16854,1
A16231,1
A4073,1
A16153,1
A3024,1
A14774,1
A12052,1
A10146,1
A24865,1
A2384,1
A10107,1
A907,1
A21833,1
A1467,1
A12877,1
A10563,1
A14327,1
A1571,1
A15251,1
A10216,1
A15656,1
A10692,1
A28130,1
A22450,1
A12243,1
A26606,1
A29953,1
A25798,1
A25972,1
A29934,1
A15446,1
A15249,1
A11015,1
A20189,1
A24202,1
A25635,1
A10110,1
A17179,1
A9287,1
A10511,1
A19221,1
A5431,1
A23427,1
A15758,1
A3390,1
A13770,1
A1418,1
A4794,1
A782,1
A27588,1
A16290,1
A27046,1
A20812,1
A17265,1
A15086,1
A2102,1
A21766,1
A28279,1
A11616,1
A5926,1
A22862,1
A22210,1
A10378,1
A9845,1
A26672,1
A27885,1
A14318,1
A29058,1
A13846,1
A16631,1
A13574,1
A13285,1
A9024,1
A8930,1
A10031,1
A11186,1
A1909,1
A9099,1
A20015,1
A12097,1
A18513,1
A20131,1
A29740,1
A21303,1
A16289,1
A15750,1
A4223,1
A20362,1
A2525,1
A19820,1
A3964,1
A21460,1
A23152,1
A8628,1
A21054,1
A29760,1
A3420,1
A7374,1
A14077,1
A3310,1
A22783,1
A3716,1
A18659,1
A28522,1
A25892,1
A322,1
A12401,1
A11229,1
A2162,1
A29393,1
A8024,1
A26140,1
A6983,1
A24179,1
A20153,1
A2409,1
A13197,1
A15108,1
A9756,1
A14071,1
A27704,1
A6251,1
A23306,1
A25640,1
A2237,1
A20784,1
A9555,1
A17209,1
A29868,1
A11993,1
A27239,1
A14933,1
A29050,1
A13661,1
A17763,1
A14053,1
A26358,1
A3138,1
A21596,1
A7930,1
A8034,1
A23622,1
A4960,1
A8993,1
A18164,1
A11225,1
A16592,1
A7246,1
A25935,1
A14861,1
A4953,1
A29034,1
A15421,1
A19429,1
A10730,1
A12844,1
A4149,1
A19705,1
A7480,1
A25412,1
A11995,1
A28129,1
A19954,1
A27465,1
A15905,1
A10521,1
A11727,1
A11103,1
A13908,1
A4121,1
A1806,1
A15451,1
A18960,1
A8506,1
A16459,1
A16606,1
A11132,1
A25281,1
A4107,1
A10523,1
A26203,1
A3223,1
A12398,1
A29064,1
A17011,1
A25353,1
A17247,1
A3569,1
A18217,1
A2335,1
A6460,1
A6899,1
A6253,1
A3884,1
A13814,1
A29167,1
A27226,1
A6984,1
A25463,1
A5683,1
A14442,1
A7149,1
A7787,1
A21847,1
A10304,1
A12548,1
A9261,1
A12898,1
A24573,1
A13214,1
A7907,1
A11905,1
A4854,1
A11079,1
A8795,1
A24497,1
A8936,1
A1210,1
A7290,1
A9384,1
A6076,1
A6364,1
A10622,1
A21324,1
A23970,1
A12454,1
A25476,1
A5751,1
A1216,1
A3871,1
A7319,1
A15694,1
A23951,1
A6769,1
A23644,1
A26682,1
A15616,1
A13355,1
A29283,1
A17473,1
A26264,1
A21434,1
A6574,1
A7099,1
A20805,1
A444,1
A18675,1
A18102,1
A15431,1
A7629,1
A24639,1
A1890,1
A24468,1
A4379,1
A12676,1
A6542,1
A24853,1
A13991,1
A19470,1
A9935,1
A28938,1
A22946,1
A27724,1
A9095,1
A13419,1
A10710,1
A2483,1
A19018,1
A5236,1
A22744,1
A10151,1
A7743,1
A99,1
A13733,1
A3107,1
A11481,1
A13356,1
A18706,1
A11279,1
A7084,1
A3124,1
A24287,1
A11730,1
A17845,1
A17914,1
A15221,1
A6029,1
A19079,1
A29833,1
A29113,1
A19094,1
A27384,1
A12685,1
A17581,1
A28619,1
A5031,1
A7090,1
A6997,1
A7393,1
A21313,1
A593,1
A6989,1
A12882,1
A5217,1
A20248,1
A7986,1
A26849,1
A8686,1
A4055,1
A26107,1
A27803,1
A15330,1
A12664,1
A3593,1
A11445,1
A11194,1
A18482,1
A14676,1
A19234,1
A24105,1
A10495,1
A18664,1
A2772,1
A26984,1
A3942,1
A22311,1
A27860,1
A27023,1
A14353,1
A29802,1
A7645,1
A18311,1
A4528,1
A5222,1
A20632,1
A18449,1
A20077,1
A26182,1
A11543,1
A19347,1
A14959,1
A17659,1
A16294,1
A15124,1
A10840,1
A14626,1
A2663,1
A21841,1
A16921,1
A20575,1
A1215,1
A5384,1
A15390,1
A6055,1
A11351,1
A2748,1
A24822,1
A26013,1
A25852,1
A28248,1
A3279,1
A13861,1
A25306,1
A8741,1
A16264,1
A12160,1
A6341,1
A17440,1
A10008,1
A7875,1
A20128,1
A23888,1
A25030,1
A8473,1
A5989,1
A26312,1
A377,1
A25680,1
A6367,1
A27169,1
A26379,1
A25068,1
A18454,1
A23213,1
A22901,1
A24979,1
A27649,1
A22112,1
A12246,1
A15299,1
A5354,1
A10150,1
A2765,1
A12130,1
A16956,1
A10850,1
A11620,1
A19783,1
A28641,1
A12892,1
A1276,1
A10145,1
A13513,1
A21400,1
A2145,1
A6277,1
A8433,1
A27789,1
A19316,1
A11922,1
A7824,1
A25191,1
A24323,1
A15823,1
A2736,1
A7733,1
A22973,1
A5313,1
A21376,1
A27498,1
A6179,1
A17937,1
A22429,1
A8162,1
A7673,1
A11714,1
A25130,1
A17497,1
A10442,1
A22923,1
A4718,1
A25767,1
A5178,1
A246,1
A12474,1
A7807,1
A4341,1
A1469,1
A26632,1
A16405,1
A11259,1
A15179,1
A6876,1
A886,1
A17404,1
A306,1
A19026,1
A24638,1
A29609,1
A25319,1
A3014,1
A17348,1
A28397,1
A29401,1
A984,1
A17569,1
A28001,1
A8937,1
A12237,1
A2493,1
A8277,1
A10189,1
A14432,1
A1805,1
A851,1
A28094,1
A11055,1
A27681,1
A13164,1
A13241,1
A17036,1
A6664,1
A9738,1
A12188,1
A27840,1
A21315,1
A8902,1
A28425,1
A10423,1
A5113,1
A14142,1
A27064,1
A22669,1
A24539,1
A2799,1
A24930,1
A29427,1
A16110,1
A605,1
A6366,1
A11779,1
A28259,1
A15952,1
A7688,1
A2169,1
A22340,1
A24457,1
A8036,1
A19928,1
A2884,1
A19610,1
A17503,1
A29774,1
A1869,1
A16531,1
A8743,1
A6139,1
A21356,1
A15225,1
A22254,1
A4398,1
A19365,1
A11918,1
A19534,1
A20365,1
A28549,1
A26647,1
A27021,1
A27476,1
A9508,1
A15213,1
A25905,1
A6537,1
A16107,1
A21913,1
A19914,1
A26491,1
A27079,1
A11884,1
A15619,1
A23678,1
A9748,1
A21117,1
A29232,1
A2605,1
A28520,1
A19381,1
A14844,1
A11663,1
A26602,1
A17614,1
A19432,1
A7522,1
A12341,1
A26475,1
A7804,1
A26028,1
A15418,1
A7958,1
A14354,1
A13533,1
A10713,1
A15941,1
A23924,1
A25,1
A10798,1
A6446,1
A9208,1
A11398,1
A1461,1
A15332,1
A21945,1
A26545,1
A28335,1
A24504,1
A5682,1
A29421,1
A14203,1
A648,1
A13319,1
A20538,1
A9435,1
A26907,1
A26509,1
A19370,1
A11496,1
A9788,1
A4874,1
A7664,1
A2827,1
A14174,1
A28,1
A5932,1
A8719,1
A2025,1
A27887,1
A26749,1
A2588,1
A11390,1
A15887,1
A5277,1
A16433,1
A18904,1
A9152,1
A17618,1
A27056,1
A6236,1
A6405,1
A29848,1
A13957,1
A2728,1
A11487,1
A19708,1
A13714,1
A20576,1
A4789,1
A3531,1
A22538,1
A8561,1
A29902,1
A26256,1
A10490,1
A11233,1
A23829,1
A28628,1
A10015,1
A1692,1
A18116,1
A5838,1
A11002,1
A5845,1
A1518,1
A28148,1
A24989,1
A20025,1
A26626,1
A10482,1
A7595,1
A28964,1
A24730,1
A23712,1
A12699,1
A25203,1
A26836,1
A4683,1
A4338,1
A8385,1
A13546,1
A3852,1
A26589,1
A11567,1
A16024,1
A17852,1
A23639,1
A16589,1
A22488,1
A12967,1
A9978,1
A23507,1
A23656,1
A5768,1
A16291,1
A8426,1
A3670,1
A14940,1
A22272,1
A26451,1
A10384,1
A5082,1
A2681,1
A27928,1
A16295,1
A9346,1
A27730,1
A25552,1
A16143,1
A6220,1
A5971,1
A19873,1
A584,1
A17364,1
A8630,1
A16759,1
A9039,1
A7019,1
A4313,1
A4331,1
A11063,1
A11580,1
A10040,1
A23432,1
A19787,1
A21707,1
A23805,0
A28946,1
A8978,1
A22185,1
A28994,1
A18100,1
A14892,1
A21245,1
A1491,1
A19836,1
A7504,1
A6400,1
A7686,1
A4826,1
A16273,1
A22962,1
A9947,1
A27442,1
A7278,1
A27712,1
A13499,1
A9490,1
A22680,1
A25424,1
A22044,1
A15465,1
A11323,1
A17653,1
A28679,1
A28459,1
A11472,1
A13541,1
A25555,1
A17757,1
A29197,1
A19271,1
A13344,1
A27071,1
A2864,1
A9741,1
A16428,1
A18971,1
A9460,1
A23151,1
A4760,1
A3167,1
A28107,1
A1051,1
A4103,1
A27859,1
A4114,1
A24617,1
A11676,1
A20662,1
A93,1
A123,1
A9300,1
A2972,1
A1753,1
A17875,1
A25141,1
A11111,1
A23690,1
A28605,1
A4673,1
A8154,1
A15700,1
A12769,1
A21747,1
A13405,1
A13216,1
A2443,1
A3399,1
A13387,1
A18650,1
A4329,1
A7369,1
A26764,1
A20836,1
A7,1
A24240,1
A4657,1
A4811,1
A5053,1
A16950,1
A13614,1
A13974,1
A3655,1
A29480,1
A13939,1
A12571,1
A24335,1
A27673,1
A12588,1
A5946,1
A10243,1
A3074,1
A1278,1
A20767,1
A4090,1
A7203,1
A5503,1
A13634,1
A552,1
A2433,1
A27629,1
A3671,1
A19863,1
A7198,1
A1016,1
A27970,1
A17421,1
A2773,1
A11171,1
A14455,1
A13833,1
A10013,1
A1185,1
A2193,1
A21640,1
A17526,1
A27425,1
A3403,1
A7602,1
A13121,1
A6100,1
A18376,1
A7111,1
A7371,1
A12447,1
A12890,1
A12734,1
A11121,1
A21691,1
A3331,1
A24727,1
A22193,1
A20939,1
A13289,1
A2622,1
A23,1
A26630,1
A24232,1
A12288,1
A8063,1
A14658,1
A7281,1
A29233,1
A6691,1
A14135,1
A23606,1
A9614,1
A12692,1
A5504,1
A10406,1
A28790,1
A12920,1
A10758,1
A17841,1
A24807,1
A20242,1
A8019,1
A14721,1
A10618,1
A27449,1
A9562,1
A10885,1
A17467,1
A25637,1
A4038,1
A13229,1
A25371,1
A5324,1
A21023,1
A12700,1
A29678,1
A25664,1
A26255,1
A6864,1
A24236,1
A15264,1
A25416,1
A4969,1
A24605,1
A8613,1
A26478,1
A8927,1
A9919,1
A15632,1
A14924,1
A3741,1
A28513,1
A28597,1
A345,1
A18076,1
A28747,1
A2268,1
A23883,1
A25365,1
A4772,1
A28862,1
A8594,1
A29354,1
A2441,1
A6610,1
A21706,1
A11729,1
A21573,1
A253,1
A25583,1
A22204,1
A19233,1
A15850,1
A7338,1
A12745,1
A24100,1
A15333,1
A7343,1
A753,1
A1250,1
A23968,1
A13274,1
A13904,1
A2055,1
A20428,1
A6909,1
A2735,1
A18094,1
A22142,1
A15263,1
A13667,1
A19297,1
A29350,1
A25294,1
A15995,1
A11900,1
A5140,1
A18565,1
A820,1
A14031,1
A6667,1
A29584,1
A4899,1
A10904,1
A4605,1
A13622,1
A3739,1
A10011,1
A22033,1
A2550,1
A5097,1
A21665,1
A15528,1
A14007,1
A3587,1
A11733,1
A6361,1
A8221,1
A17285,1
A29156,1
A7737,1
A3015,1
A19731,1
A7491,1
A27935,1
A15123,1
A12650,1
A24398,1
A4676,1
A29743,1
A25048,1
A13044,1
A24597,1
A7102,1
A22661,1
A21100,1
A7529,1
A3992,1
A5043,1
A9601,1
A13872,1
A17041,1
A19173,1
A24133,1
A27716,1
A17286,1
A10424,1
A5142,1
A24419,1
A1634,1
A28314,1
A696,1
A7297,1
A18293,1
A714,1
A20818,1
A17328,1
A22122,1
A20275,1
A8179,1
A7869,1
A5705,1
A4993,1
A8872,1
A15339,1
A3001,1
A23217,1
A22791,1
A12307,1
A118,1
A10777,1
A10166,1
A7463,1
A24412,1
A17979,1
A13850,1
A22998,1
A21246,1
A8550,1
A8753,1
A26082,1
A7316,1
A11526,1
A28389,1
A15226,1
A18819,1
A29901,1
A28642,1
A96,1
A22759,1
A16481,1
A5327,1
A14,1
A19691,1
A364,1
A25579,1
A7387,1
A9387,1
A26498,1
A23791,1
A17887,1
A5379,1
A5325,1
A29643,1
A28911,1
A21013,1
A27595,1
A18505,1
A1759,1
A583,1
A16638,1
A25539,1
A17857,1
A12189,1
A9204,1
A8469,1
A23984,1
A12865,1
A9797,1
A25519,1
A14926,1
A25180,1
A17606,1
A6151,1
A25201,1
A17289,1
A15240,1
A22341,1
A14083,1
A2580,1
A13237,1
A10080,1
A9162,1
A12000,1
A24257,1
A9822,1
A15739,1
A21456,1
A14252,1
A6336,1
A25100,1
A28829,1
A16478,1
A3363,1
A11618,1
A12652,1
A18543,1
A15518,1
A19786,1
A14825,1
A3349,1
A29438,1
A10978,1
A4927,1
A13383,1
A10823,1
A21651,1
A26313,1
A26687,1
A2581,1
A27838,1
A4611,1
A7643,1
A709,1
A8287,1
A26327,1
A22726,1
A262,1
A8212,1
A20121,1
A15029,1
A10052,1
A13306,1
A335,1
A25480,1
A27544,1
A25471,1
A29992,1
A393,1
A18235,1
A24871,1
A4070,1
A11610,1
A6795,1
A11802,1
A23796,1
A20261,1
A14305,1
A8119,1
A14704,1
A5309,1
A12831,1
A26454,1
A17777,1
A8959,1
A24465,1
A24938,1
A19264,1
A12989,1
A2315,1
A20913,1
A21010,1
A28289,1
A29152,1
A8970,1
A11682,1
A29561,1
A25822,1
A4607,1
A18588,1
A12812,1
A15082,1
A4415,1
A10085,1
A974,1
A29658,1
A4589,1
A24442,1
A10589,1
A14215,1
A27891,1
A4135,1
A14112,1
A22710,1
A25391,1
A24882,1
A14856,1
A11190,1
A19516,1
A18474,1
A7512,1
A12134,1
A13106,1
A9714,1
A8608,1
A25210,1
A22373,1
A222,1
A7822,1
A451,1
A12198,1
A27566,1
A12335,1
A8721,1
A3339,1
A26623,1
A28037,1
A17434,1
A7352,1
A646,1
A10806,1
A7009,1
A20763,1
A17918,1
A22492,1
A3680,0
A21186,1
A8038,1
A18112,1
A3435,1
A16398,1
A10549,1
A24681,1
A17174,1
A25165,1
A18392,1
A15433,1
A14106,1
A7957,1
A21182,1
A22515,1
A15296,1
A3711,1
A22235,1
A23527,1
A5695,1
A27472,1
A128,1
A28085,1
A4561,1
A25907,1
A26742,1
A9674,1
A13392,1
A25716,1
A21132,1
A2818,1
A27024,1
A28020,1
A18254,1
A13155,1
A1584,1
A4699,1
A534,1
A2862,1
A2801,1
A19738,1
A24804,1
A7050,1
A23907,1
A5432,1
A1651,1
A12811,1
A29745,1
A3062,1
A376,1
A6530,1
A25521,1
A23042,1
A24077,1
A2726,1
A7947,1
A17383,1
A17451,1
A26541,1
A19038,1
A5933,1
A22458,1
A6295,1
A19029,1
A25652,1
A8892,1
A3863,1
A19047,1
A26392,1
A12088,1
A10223,1
A860,1
A5264,1
A17056,1
A13374,1
A19937,1
A9863,1
A22960,1
A7665,1
A8977,1
A5408,1
A12403,1
A15194,1
A14270,1
A865,1
A29101,1
A28230,1
A3009,1
A29925,1
A23193,1
A6015,1
A5034,1
A22274,1
A25491,1
A6173,1
A51,1
A17552,1
A1236,1
A18479,1
A7525,1
A9903,1
A20357,1
A17558,1
A28486,1
A16658,1
A19112,1
A27063,1
A7022,1
A24339,1
A16238,1
A12521,1
A6009,1
A5436,1
A3442,1
A9191,1
A19372,1
A18027,1
A10350,1
A19126,1
A16025,1
A17621,1
A15254,1
A29201,1
A28256,1
A6259,1
A28989,1
A21846,1
A27873,1
A9900,1
A13772,1
A19307,1
A866,1
A141,1
A19229,1
A29467,1
A2743,1
A4280,1
A2440,1
A17065,1
A17884,1
A28099,1
A6915,1
A9321,1
A2203,1
A11212,1
A225,1
A28798,1
A1249,1
A6762,1
A20092,1
A12324,1
A2147,1
A25915,1
A9817,1
A1454,1
A4784,1
A15610,1
A17292,1
A9423,1
A19237,1
A19466,1
A4464,1
A16850,1
A13484,1
A23860,1
A21064,1
A10743,1
A26539,1
A20624,1
A26211,1
A15425,1
A10277,1
A12002,1
A12220,1
A19519,1
A555,1
A5173,1
A915,1
A27121,1
A5963,1
A28353,1
A4857,1
A29917,1
A27688,1
A13896,1
A11406,1
A7481,1
A14086,1
A10226,1
A29298,1
A19720,1
A7244,1
A15596,1
A24898,1
A8167,1
A9597,1
A22723,1
A16994,1
A21613,1
A1381,1
A9997,1
A8378,1
A1547,1
A28693,1
A21689,1
A24503,1
A14095,1
A22684,1
A8236,1
A16873,1
A6330,1
A3965,1
A6193,1
A20497,1
A26980,1
A24516,1
A29845,1
A11174,1
A27221,1
A15701,1
A8121,1
A23840,1
A13095,1
A18138,1
A23710,1
A16930,1
A12035,1
A2949,1
A24511,1
A17148,1
A20657,1
A4943,1
A14088,1
A2809,1
A22859,1
A14582,1
A2424,1
A16832,1
A27441,1
A23859,1
A25357,1
A13055,1
A20940,1
A22066,1
A20585,1
A28257,1
A6869,1
A1316,1
A20404,1
A4158,1
A20203,1
A27720,1
A23635,1
A1270,1
A8522,1
A545,1
A9298,1
A18966,1
A3315,1
A20,1
A22565,1
A5882,1
A5629,1
A28651,1
A19179,1
A18834,1
A14443,1
A16711,1
A24945,1
A7503,1
A18883,1
A23195,1
A7597,1
A16550,1
A7670,1
A1655,1
A23373,1
A23599,0
A19359,1
A18835,1
A11175,1
A18050,1
A8175,1
A21998,1
A29610,1
A21920,1
A17310,1
A25832,1
A19129,1
A17422,1
A1559,1
A26406,1
A812,1
A15122,1
A5397,1
A16527,1
A4156,1
A6832,1
A22016,1
A3454,1
A10719,1
A23746,1
A16725,1
A3032,1
A21160,1
A21271,1
A23835,1
A13134,1
A4044,1
A10394,1
A6221,1
A15544,1
A27307,1
A25504,1
A23586,1
A10929,1
A11699,1
A10646,1
A9180,1
A21957,1
A11033,1
A13794,1
A21677,1
A5007,1
A23153,1
A24858,1
A4990,1
A24479,1
A15987,1
A27513,1
A14572,1
A26664,1
A24087,1
A4330,1
A25602,1
A25964,1
A4542,1
A11649,1
A7967,1
A25333,1
A25444,1
A22400,1
A8269,1
A7422,1
A654,1
A16276,1
A20022,1
A27343,1
A24434,1
A5303,1
A6819,1
A15831,1
A23700,1
A8585,1
A22375,1
A23604,1
A3959,1
A16323,1
A14388,1
A13181,1
A8531,1
A16049,1
A12395,1
A16065,1
A9809,1
A10626,1
A10340,1
A25246,1
A12224,1
A11944,1
A29400,1
A21125,1
A26957,1
A516,1
A22168,1
A25275,1
A3789,1
A5488,1
A17766,1
A6214,1
A11737,1
A11514,1
A11414,1
A21924,1
A11371,1
A18559,1
A29813,1
A19293,1
A19638,1
A22963,1
A12586,1
A17212,1
A29106,1
A234,1
A10829,1
A5404,1
A28735,1
A12717,1
A9835,1
A21624,1
A12843,1
A7321,1
A6360,1
A29856,1
A18171,1
A12326,1
A7487,1
A20706,1
A16621,1
A14477,1
A10286,1
A26988,1
A12984,1
A15716,1
A24585,1
A12954,1
A17542,1
A2037,1
A10034,1
A16791,1
A14539,1
A11850,1
A3896,1
A7851,1
A19891,1
A6894,1
A5638,1
A13371,1
A4082,1
A9723,1
A536,1
A991,1
A3476,1
A12298,1
A1490,1
A23960,1
A16462,1
A11541,1
A10154,1
A21437,1
A12747,1
A1125,1
A20456,1
A26472,1
A5500,1
A5849,1
A13136,1
A518,1
A16586,1
A4079,1
A18491,1
A18306,1
A15409,0
A23051,1
A27731,1
A17846,1
A18724,1
A7793,1
A24752,1
A6426,1
A22469,1
A408,1
A19799,1
A24602,1
A29424,1
A2125,1
A8926,1
A5572,1
A3362,1
A23691,1
A27455,1
A21273,1
A21051,1
A10367,1
A15680,1
A28137,1
A24614,1
A13098,1
A3715,1
A4315,1
A21582,1
A20190,1
A28919,1
A2018,1
A22410,1
A16442,1
A1189,1
A17602,1
A20319,1
A23208,1
A4594,1
A14153,1
A7584,1
A9801,1
A17804,1
A28818,1
A8044,1
A20519,1
A10536,1
A17045,1
A6339,1
A4549,1
A25081,1
A12549,1
A28898,1
A12628,1
A11484,1
A27049,1
A22561,1
A19028,1
A10615,1
A10802,1
A5805,1
A16344,1
A722,1
A17902,1
A18022,1
A20408,1
A7346,1
A15002,1
A29476,1
A6373,1
A20489,1
A11426,1
A27297,1
A13969,1
A15537,1
A14851,1
A1464,1
A9500,1
A7002,1
A20924,1
A5044,1
A21761,1
A640,1
A15765,1
A13848,1
A29778,1
A14461,1
A9151,1
A29230,1
A23778,1
A5181,1
A18836,1
A29200,1
A25305,1
A3232,1
A22655,1
A20899,1
A954,1
A28593,1
A27842,1
A16288,1
A10294,1
A5761,1
A5778,1
A17830,1
A4490,1
A16862,1
A25776,1
A15134,1
A8697,1
A6631,1
A22524,1
A26338,1
A20390,1
A26497,1
A11372,1
A1579,1
A3970,1
A24166,1
A28585,1
A15774,1
A202,1
A28612,1
A25864,1
A10186,1
A3471,1
A15791,1
A19714,1
A13723,1
A24738,1
A8108,1
A14257,1
A19551,1
A19600,1
A8301,1
A3227,1
A17858,1
A21057,1
A22005,1
A16982,1
A20704,1
A20264,1
A2959,1
A1294,1
A10728,1
A10158,1
A7279,1
A12821,1
A16669,1
A21098,1
A13868,1
A16876,1
A14336,1
A18245,1
A10930,1
A19294,1
A9424,1
A8182,1
A16017,1
A23773,1
A19645,1
A15800,1
A27831,1
A21746,1
A20834,1
A13304,1
A2138,1
A11357,1
A28303,1
A29822,1
A14166,1
A15448,1
A9878,1
A27800,1
A3536,1
A9575,1
A28806,1
A7370,1
A624,1
A12544,1
A20050,1
A9724,1
A20905,1
A23735,1
A15738,1
A16969,1
A26605,1
A17309,1
A21997,1
A23013,1
A5134,1
A17815,1
A9983,1
A25875,1
A21878,1
A13101,1
A21007,1
A25097,1
A28554,1
A1255,1
A15112,1
A28842,1
A12515,1
A23686,1
A16575,1
A3643,1
A12546,1
A23975,1
A28949,1
A6765,1
A12241,1
A10627,1
A24487,1
A23026,1
A17533,1
A14154,1
A1230,1
A29296,1
A11286,1
A19815,1
A28218,1
A3242,1
A10407,1
A15495,1
A14794,1
A18651,1
A25302,1
A1544,1
A1396,1
A2564,1
A24620,1
A28696,1
A8022,1
A14316,1
A349,1
A21653,1
A9147,1
A26125,1
A20820,1
A1310,1
A20403,1
A29563,1
A14627,1
A16507,1
A7701,1
A10362,1
A5576,1
A13559,1
A10456,1
A282,1
A13678,1
A11998,1
A11049,1
A24696,1
A11790,1
A27983,1
A12139,1
A4495,1
A24460,1
A8980,1
A2571,1
A23158,1
A10018,1
A27484,1
A28428,1
A1211,1
A23273,1
A26242,1
A5341,1
A10414,1
A14430,1
A6334,1
A8806,1
A2685,1
A16509,1
A12135,1
A6503,1
A27706,1
A7077,1
A9448,1
A9859,1
A10578,1
A25128,1
A27715,1
A6936,1
A9449,1
A24767,1
A17400,1
A3679,1
A16538,1
A28338,1
A27053,1
A16060,1
A3961,1
A3449,1
A21574,1
A17090,1
A12267,1
A3837,1
A23215,1
A12973,1
A17499,1
A15943,1
A10695,1
A15729,1
A379,1
A16293,1
A24976,1
A16071,1
A27605,1
A19572,1
A4883,1
A24121,1
A14229,1
A12842,1
A23721,1
A10308,1
A29808,1
A28458,1
A26068,1
A17072,1
A29526,1
A2858,1
A15712,1
A5776,1
A22283,1
A9907,1
A617,1
A6004,1
A17430,1
A12051,1
A25051,1
A3955,1
A8891,1
A28918,1
A5745,1
A21278,1
A25894,1
A1606,1
A18935,1
A16271,1
A27474,1
A2595,1
A12851,1
A13225,1
A12003,1
A27286,1
A19835,1
A15880,1
A8913,1
A25227,1
A2518,1
A12072,1
A9604,1
A3664,1
A29023,1
A8076,1
A9114,1
A28960,1
A28106,1
A26659,1
A4477,1
A8430,1
A8633,1
A28056,1
A10733,1
A9364,1
A112,1
A11602,1
A25091,1
A21911,1
A28134,1
A1386,1
A24834,1
A21154,1
A12648,1
A28983,1
A12684,1
A14132,1
A16524,1
A22457,1
A18986,1
A9525,1
A20405,1
A7042,1
A12168,1
A4973,1
A16777,1
A18871,1
A9940,1
A23986,1
A13629,1
A6658,1
A18397,1
A2267,1
A19254,1
A9792,1
A5789,1
A18719,1
A14970,1
A29025,1
A23256,1
A26456,1
A10590,1
A5287,1
A28453,1
A16703,1
A14040,1
A17699,1
A10598,1
A29231,1
A6946,1
A26015,1
A3733,1
A15208,1
A18362,1
A19062,1
A14376,1
A17513,1
A2751,1
A27209,1
A25559,1
A22715,1
A14935,1
A8854,1
A29801,1
A1710,1
A9322,1
A21936,1
A9184,1
A24431,1
A13062,1
A4539,1
A8225,1
A14535,1
A22597,1
A6146,1
A20182,1
A5145,1
A25290,1
A22522,1
A6120,1
A4897,1
A6300,1
A11862,1
A191,1
A7410,1
A6790,1
A15310,1
A21828,1
A1257,1
A5575,1
A27058,1
A23707,1
A16485,1
A2860,1
A7323,1
A29430,1
A25076,1
A9062,1
A17159,1
A13056,1
A629,1
A8812,1
A9673,1
A16795,1
A13713,1
A24132,1
A21274,1
A15797,1
A6165,1
A6653,1
A25383,1
A11793,1
A24621,1
A23939,1
A13080,1
A9349,1
A18991,1
A14069,1
A24501,1
A4136,1
A23468,1
A8395,1
A7887,1
A5554,1
A18006,1
A9484,1
A11094,1
A7764,1
A24550,1
A7446,1
A10303,1
A24471,1
A227,1
A27787,1
A24187,1
A7866,1
A9623,1
A6056,1
A17483,1
A4792,0
A918,1
A26473,1
A27378,1
A14907,1
A13907,1
A20831,1
A13557,1
A5983,1
A13353,1
A24125,1
A9083,1
A24365,1
A12177,1
A1904,1
A20952,1
A14685,1
A19826,1
A15127,1
A10124,1
A5969,1
A4108,1
A4058,1
A14267,1
A14544,1
A16077,1
A28808,1
A13173,1
A26900,1
A10744,1
A4206,1
A19001,1
A1383,1
A3393,1
A18467,1
A25760,1
A9280,1
A20321,1
A14587,1
A11899,1
A12322,1
A1272,1
A10566,1
A21009,1
A19591,1
A25184,1
A10611,1
A3099,1
A4795,1
A6499,1
A9697,1
A158,1
A26416,1
A8139,1
A19332,0
A8032,1
A10921,1
A779,1
A3037,1
A16688,1
A21308,1
A27533,1
A11141,1
A14857,1
A17077,1
A12368,1
A26738,1
A7899,1
A24731,1
A9027,1
A26306,1
A25593,1
A20917,1
A5749,1
A25025,1
A343,1
A19894,1
A23549,1
A9605,1
A16134,1
A7288,1
A13415,1
A28361,1
A23164,1
A24748,1
A10297,1
A18850,1
A8883,1
A1974,1
A20628,1
A27116,1
A15151,1
A21409,1
A14891,1
A11312,1
A3068,1
A18598,1
A22019,1
A9048,1
A3294,1
A21061,1
A19361,1
A8932,1
A18825,1
A16386,1
A27415,1
A21078,1
A26247,1
A6068,1
A27471,1
A28947,1
A23004,1
A26093,1
A21765,1
A6205,1
A3505,1
A18862,1
A23513,1
A13617,1
A19239,1
A17052,1
A8727,1
A20014,1
A7969,1
A8338,1
A24613,1
A22271,1
A27597,1
A11856,1
A8832,1
A29037,1
A10794,1
A22613,1
A14850,1
A14974,1
A16199,1
A1599,1
A29277,1
A6777,1
A18177,1
A12494,1
A4538,1
A26855,1
A18742,1
A25827,1
A17543,1
A10965,1
A15814,1
A19081,1
A16779,1
A15161,1
A23636,1
A23794,1
A6107,1
A26582,1
A13293,1
A7199,1
A17993,1
A13258,1
A23225,1
A6170,1
A13357,1
A11521,1
A8580,1
A16556,1
A14009,1
A12866,1
A12284,1
A24009,1
A16486,1
A16421,1
A22276,1
A22128,1
A12450,1
A6209,1
A27780,1
A29640,1
A4433,1
A25126,1
A174,1
A4162,1
A17457,1
A11425,1
A11916,1
A26819,1
A12610,1
A27697,1
A22351,1
A12413,1
A29635,1
A10481,1
A2563,1
A29264,1
A18098,1
A17055,1
A7829,1
A25186,1
A28892,1
A27225,1
A9733,1
A9585,1
A25146,1
A7777,1
A23307,1
A5867,1
A23005,1
A15358,1
A28371,1
A27508,1
A22372,1
A2393,1
A24969,1
A79,1
A19245,1
A10379,1
A21589,1
A4983,1
A3303,1
A9060,1
A29662,1
A27878,1
A6541,1
A13025,1
A3163,1
A7997,1
A23279,1
A24456,1
A17597,1
A14210,1
A10190,1
A1568,1
A15859,1
A25040,1
A12992,1
A20048,1
A307,1
A6332,1
A24467,1
A23148,1
A2130,1
A17835,1
A26063,1
A27161,1
A15362,1
A16203,1
A2416,1
A7802,1
A28284,1
A19664,1
A28369,1
A24376,1
A17645,1
A9906,1
A296,1
A21482,1
A25558,1
A15561,1
A7407,1
A6756,1
A29352,1
A17648,1
A2783,1
A17936,1
A5910,1
A28110,1
A4485,1
A21614,1
A4227,1
A21358,1
A7324,1
A19789,1
A18625,1
A2590,1
A19090,1
A4546,1
A12579,1
A9783,1
A7729,1
A16373,1
A29770,1
A27408,1
A19520,1
A20457,1
A29905,1
A10830,1
A20832,1
A19210,1
A3472,1
A26370,1
A19083,1
A1521,1
A11605,1
A2826,1
A17745,1
A24495,1
A25739,1
A26985,1
A22745,1
A28454,1
A9994,1
A15248,1
A8394,1
A17091,1
A12918,1
A11369,1
A15365,1
A22569,1
A12792,1
A23086,1
A6024,1
A24378,1
A4648,1
A3748,1
A9069,1
A19163,1
A9051,1
A17812,1
A15989,1
A4931,1
A22794,1
A17188,1
A24538,1
A21189,1
A7385,1
A14562,1
A14574,1
A9640,1
A12799,1
A12182,1
A1954,1
A27737,1
A19847,1
A15651,1
A21333,1
A29713,1
A2097,1
A12268,1
A12727,1
A24793,1
A20771,1
A7886,1
A23867,1
A17839,1
A15165,1
A20931,1
A21527,1
A17760,1
A28815,1
A7020,1
A12741,1
A12258,1
A8901,1
A16422,1
A12212,1
A23670,1
A11997,1
A26585,1
A2854,1
A21646,1
A19374,1
A27841,1
A27968,1
A13913,1
A12476,1
A4210,1
A19722,1
A20567,1
A25407,1
A19966,1
A26156,1
A10503,1
A44,1
A16701,1
A18524,1
A22822,1
A10241,1
A1921,1
A13330,1
A29680,1
A12085,1
A28275,1
A20366,1
A13993,1
A10408,1
A14264,1
A13260,1
A16191,1
A12199,1
A24415,1
A19497,1
A11352,1
A8441,1
A16463,1
A12083,1
A6955,1
A825,1
A9616,1
A19858,1
A11652,1
A15063,1
A20524,1
A27631,1
A10328,1
A18900,1
A2280,1
A26023,1
A2618,1
A18863,1
A27954,1
A6815,1
A18480,1
A23647,1
A22184,1
A27356,1
A13248,1
A968,1
A29918,1
A8505,1
A29246,1
A24618,1
A9925,1
A7132,1
A18411,1
A14236,1
A15572,1
A20302,1
A26566,1
A24427,1
A17961,1
A15222,1
A6198,1
A3954,1
A544,1
A17121,1
A6306,1
A3599,1
A6950,1
A10931,1
A10747,1
A22062,1
A13287,1
A17761,1
A12645,1
A25183,1
A17620,1
A14474,1
A8863,1
A713,1
A800,1
A6965,1
A5466,1
A14152,1
A29655,1
A10383,1
A19704,1
A16813,1
A7649,1
A18170,1
A5315,1
A12274,1
A15048,1
A6131,1
A22030,1
A14742,1
A5764,1
A26919,1
A2447,1
A18336,1
A26500,1
A1894,1
A21893,1
A16816,1
A18749,1
A27065,1
A6385,1
A19445,1
A27598,1
A14317,1
A15655,1
A8101,1
A1552,1
A14018,1
A16841,1
A821,1
A3724,1
A28355,1
A16932,1
A18499,1
A26519,1
A16171,1
A19068,1
A5837,1
A29297,1
A7551,1
A3798,1
A25020,1
A26784,1
A2963,1
A14566,1
A798,1
A27698,1
A19788,1
A2558,1
A16761,1
A24629,1
A19130,1
A21895,1
A20346,1
A12849,1
A26072,1
A10202,1
A21320,1
A25432,1
A28765,1
A9657,1
A26924,1
A20209,1
A1203,1
A6517,1
A10594,1
A25195,1
A25924,1
A15696,1
A25039,1
A1324,1
A3953,1
A3545,1
A20712,1
A19331,1
A19871,1
A17243,1
A20943,1
A14819,1
A13168,1
A12317,1
A21721,1
A2970,1
A4526,1
A9293,1
A17085,1
A28192,1
A8918,1
A1393,1
A22057,1
A20588,1
A25973,1
A16167,1
A23045,1
A11940,1
A4531,1
A25701,1
A23223,1
A20095,1
A8586,1
A8689,1
A16878,1
A24383,1
A3541,1
A9992,1
A12656,1
A29827,1
A303,1
A5179,1
A18037,1
A17480,1
A7312,1
A24164,1
A236,1
A14726,1
A986,1
A21418,1
A25853,1
A20459,1
A11970,1
A22707,1
A14770,1
A2219,1
A6439,1
A13105,1
A1160,1
A8089,1
A26693,1
A11047,1
A4889,1
A24341,1
A6770,1
A16736,1
A14385,1
A7327,1
A12858,1
A20969,1
A4401,1
A24728,1
A10999,1
A27383,1
A2843,1
A15764,1
A20442,1
A946,1
A4781,1
A856,1
A6810,1
A182,1
A21822,1
A25362,1
A10993,1
A20392,1
A6169,1
A29102,1
A12039,1
A27287,1
A8112,1
A263,1
A12647,1
A20282,1
A17412,1
A27836,1
A26827,1
A16539,1
A14231,1
A23125,1
A12222,1
A11654,1
A25446,1
A13736,1
A9821,1
A670,1
A2750,1
A14480,1
A19379,1
A23018,1
A14789,1
A25500,1
A9050,1
A16155,1
A7846,1
A26997,1
A26567,1
A3147,1
A28251,1
A5375,1
A16493,1
A14308,1
A74,1
A17600,1
A22485,1
A19692,1
A4279,1
A15647,1
A5582,1
A9667,1
A16814,1
A16817,1
A6634,1
A3259,1
A14149,1
A20590,1
A914,1
A28308,1
A9908,1
A12704,1
A21252,1
A21501,1
A2253,1
A6543,1
A644,1
A15132,1
A1193,1
A19433,1
A10094,1
A1298,1
A850,1
A271,1
A23556,1
A26890,1
A10907,1
A17627,1
A11192,1
A14345,1
A8087,1
A26586,1
A29067,1
A8949,1
A9336,1
A7965,1
A12081,1
A18352,1
A18771,1
A4977,1
A15654,1
A22930,1
A27215,1
A27361,1
A10,1
A17306,1
A4171,1
A27620,1
A2568,1
A5656,1
A4157,1
A6065,1
A25127,1
A14868,1
A27658,1
A14320,1
A26021,1
A27565,1
A26991,1
A15864,1
A4496,1
A28882,1
A25763,1
A2265,1
A8474,1
A27584,1
A13372,1
A12036,1
A14665,1
A24107,1
A18227,1
A26311,1
A16601,1
A18618,1
A25708,1
A275,1
A15306,1
A14528,1
A1991,1
A5978,1
A21086,1
A18379,1
A3929,1
A17063,1
A26944,1
A23180,1
A7856,1
A10527,1
A18731,1
A13902,1
A27231,1
A2626,1
A756,1
A6912,1
A26086,1
A2689,1
A28567,1
A4435,1
A20586,1
A2305,1
A9236,1
A28426,1
A12827,1
A29179,1
A12384,1
A8996,1
A5669,1
A16578,1
A27554,1
A1032,1
A7356,1
A19244,1
A21557,1
A18477,1
A28228,1
A22190,1
A14271,1
A6268,1
A26393,1
A13376,1
A26070,1
A26398,1
A5385,1
A15335,1
A15412,1
A12255,1
A16409,1
A6071,1
A13626,1
A1628,1
A7305,1
A24763,1
A24555,1
A546,1
A10753,1
A18221,1
A16792,1
A1916,1
A3860,1
A20927,1
A8113,1
A12643,1
A261,1
A8168,1
A29948,1
A4887,1
A27452,1
A18746,1
A6494,1
A12295,1
A23774,1
A1893,1
A20640,1
A2377,1
A14249,1
A1409,1
A26824,1
A15042,1
A17219,1
A5508,1
A9368,1
A8384,1
A17778,1
A7727,1
A14730,1
A8023,1
A6786,1
A2523,1
A19008,1
A14839,1
A27647,1
A13798,1
A29705,1
A18626,1
A2931,1
A22047,1
A19992,1
A19259,1
A5992,1
A15773,1
A28175,1
A21471,1
A10540,1
A21946,1
A29235,1
A28213,1
A9789,1
A19869,1
A21866,1
A9958,1
A25532,1
A25828,1
A10051,1
A19623,1
A24923,1
A22825,1
A895,1
A10691,1
A8219,1
A13207,1
A10807,1
A29931,1
A11265,1
A22327,1
A14681,1
A16809,1
A26769,1
A20688,1
A9093,1
A7471,1
A26097,1
A12766,1
A29538,1
A11876,1
A4307,1
A21203,1
A16414,1
A3683,1
A14674,1
A20205,1
A20438,1
A20370,1
A26036,1
A23901,1
A7921,1
A7255,1
A3581,1
A4850,1
A1558,1
A22638,1
A19530,1
A1537,1
A15163,1
A27925,1
A7479,1
A8020,1
A28992,1
A28384,1
A5791,1
A2643,1
A7817,1
A5083,1
A28009,1
A28316,1
A15422,1
A12247,1
A11267,1
A4696,1
A5185,1
A14821,1
A21735,1
A29402,1
A2821,1
A10864,1
A2151,1
A15091,1
A20997,1
A18510,1
A21661,1
A17802,1
A9238,1
A18646,1
A19215,1
A19104,1
A14024,1
A23923,1
A3986,1
A502,1
A19599,1
A21116,1
A11685,1
A27457,1
A14291,1
A12167,1
A8514,1
A23592,1
A28164,1
A6920,1
A20591,1
A22983,1
A6821,1
A16204,1
A7328,1
A10852,1
A24972,1
A27213,1
A9205,1
A29140,1
A12328,1
A3466,1
A5976,1
A226,1
A3302,1
A21948,1
A11491,1
A5596,1
A11771,1
A2958,1
A17530,1
A5447,1
A1852,1
A25845,1
A10750,1
A22665,1
A1948,1
A5807,1
A9899,1
A13692,1
A26259,1
A26570,1
A20755,1
A25824,1
A17630,1
A22267,1
A20091,1
A14647,1
A19397,1
A9046,1
A7778,1
A20247,1
A25015,1
A24806,1
A17067,1
A4164,1
A5038,1
A17665,1
A4033,1
A11354,1
A22660,1
A5999,1
A3901,1
A15244,1
A3123,1
A3881,1
A16595,1
A10337,1
A28093,1
A9232,1
A27494,1
A3960,1
A18059,1
A2806,1
A8466,1
A6980,1
A21881,1
A20231,1
A23226,1
A9982,1
A14261,1
A9701,1
A15878,1
A7368,1
A26889,1
A24115,1
A934,1
A494,1
A15102,1
A21658,1
A29580,1
A25000,1
A15191,1
A2744,1
A23357,1
A10944,1
A137,1
A4741,1
A2137,1
A3856,1
A16633,1
A7391,1
A22194,1
A19019,1
A8766,1
A27506,1
A18228,1
A839,1
A25724,1
A10595,1
A16520,1
A16403,1
A3928,1
A21113,1
A11738,1
A20108,1
A15394,1
A6263,1
A23782,1
A10772,1
A24786,1
A24841,1
A784,1
A1504,1
A11726,1
A2040,1
A1676,1
A3607,1
A22921,1
A23519,1
A25378,1
A29409,1
A19573,1
A14268,1
A27896,1
A24709,1
A2412,1
A5923,1
A25954,1
A21119,1
A18353,1
A9264,1
A20673,1
A11108,1
A23575,1
A28387,1
A29334,1
A8839,1
A26189,1
A26564,1
A6017,1
A28375,1
A15309,1
A25937,1
A375,1
A9632,1
A19065,1
A22107,1
A12980,1
A11538,1
A16136,1
A27248,1
A9074,1
A10079,1
A28556,1
A13483,1
A26074,1
A25961,1
A20736,1
A15589,1
A14421,1
A11268,1
A2499,1
A4586,1
A11418,1
A27525,1
A18407,1
A23819,1
A22079,1
A12146,1
A26676,1
A10731,1
A17428,1
A24422,1
A18939,1
A24367,1
A17965,1
A20630,1
A14882,1
A16457,1
A9044,1
A4245,1
A7434,1
A26725,1
A26748,1
A20333,1
A28030,1
A20954,1
A11647,1
A18141,1
A1645,1
A10574,1
A26955,1
A23548,1
A1413,1
A22905,1
A25757,1
A3910,1
A29373,1
A2724,1
A6665,1
A4012,1
A9025,1
A24362,1
A16112,1
A15966,1
A20715,1
A884,1
A28858,1
A14780,1
A181,1
A28524,1
A3486,1
A29756,1
A18824,1
A28065,1
A6958,1
A25780,1
A5480,1
A19959,1
A3506,1
A26106,1
A7015,1
A22291,1
A22767,1
A25314,1
A4838,1
A568,1
A27932,1
A9990,1
A10760,1
A538,1
A14804,1
A21207,1
A19255,1
A7500,1
A8324,1
A17980,1
A25831,1
A2058,1
A27453,1
A8866,1
A3568,1
A460,1
A27556,1
A15935,1
A12573,1
A633,1
A14431,1
A23114,1
A29800,1
A6733,1
A6732,1
A25070,1
A1046,1
A9428,1
A16541,1
A15461,1
A27771,1
A29861,1
A21587,1
A24527,1
A22173,1
A4804,1
A27856,1
A20965,1
A27611,1
A16490,1
A16513,1
A657,1
A25018,1
A21173,1
A928,1
A18096,1
A1269,1
A17964,1
A16897,1
A28105,1
A21402,1
A27137,1
A16368,1
A1609,1
A29838,1
A20337,1
A18516,1
A11986,1
A5392,1
A25949,1
A6670,1
A29024,1
A26627,1
A24619,1
A25132,1
A2425,1
A29484,1
A12520,1
A18441,1
A29030,1
A7175,1
A26677,1
A27766,1
A26035,1
A27793,1
A23605,1
A20967,1
A3397,1
A12631,1
A8848,1
A11353,1
A19665,1
A1883,1
A614,1
A25198,1
A7382,1
A10335,1
A11247,1
A17701,1
A3462,1
A23674,1
A5755,1
A10331,1
A21919,1
A23058,1
A661,1
A16053,1
A21964,1
A5948,1
A9651,1
A27403,1
A26993,1
A17734,1
A725,1
A26460,1
A7164,1
A7549,1
A24461,1
A21684,1
A18519,1
A12316,1
A24024,1
A21494,1
A6642,1
A7103,1
A16193,1
A10825,1
A4236,1
A15105,1
A2745,1
A6976,1
A18469,1
A7418,1
A20336,1
A9419,1
A21714,1
A22650,1
A27862,1
A3758,1
A3044,1
A23391,1
A29657,1
A26442,1
A5095,1
A25835,1
A18181,1
A18149,1
A20869,1
A7622,1
A23910,1
A12132,1
A7018,1
A11920,1
A12230,1
A18815,1
A14719,1
A10723,1
A4994,0
A10797,1
A13645,1
A9309,1
A26396,1
A20950,1
A8829,1
A8526,1
A27418,1
A6087,1
A21429,1
A5571,1
A17583,1
A20198,1
A23871,1
A22040,1
A5914,1
A20183,1
A5348,1
A9710,1
A29124,1
A9566,1
A9207,1
A26926,1
A20451,1
A8487,1
A1350,1
A16303,1
A23625,1
A25464,1
A21783,1
A22959,1
A3313,1
A1841,1
A2999,1
A27243,1
A14876,1
A14425,1
A63,1
A960,1
A7122,1
A13602,1
A22691,1
A3744,1
A8288,1
A330,1
A11453,1
A8261,1
A13623,1
A604,1
A15922,1
A10937,1
A28189,1
A19150,1
A8462,1
A2225,1
A203,1
A20304,1
A20452,1
A28124,1
A18115,1
A12534,1
A3384,1
A11630,1
A26515,1
A9388,1
A26412,1
A24413,1
A6273,1
A11058,1
A22511,1
A10538,1
A22892,1
A19486,1
A21340,1
A13690,1
A2768,1
A5513,1
A28851,1
A8493,1
A625,1
A3321,1
A8274,1
A7322,1
A18529,1
A10022,1
A20710,1
A6726,1
A26193,1
A21549,1
A6853,1
A6313,1
A12637,1
A15978,1
A22505,1
A21914,1
A5512,1
A20739,1
A1528,1
A9917,1
A20758,1
A2856,1
A18445,1
A21873,1
A8551,1
A18137,1
A3115,1
A9266,1
A5159,1
A13131,1
A22879,1
A15020,1
A299,1
A18843,1
A24779,1
A10544,1
A16036,1
A18628,1
A790,1
A24947,1
A19477,1
A26135,1
A19765,1
A16102,1
A14428,1
A2336,1
A5895,1
A12486,1
A14238,1
A28495,1
A5599,1
A8415,1
A7336,1
A11020,1
A9934,1
A9012,1
A24737,1
A15827,1
A22688,1
A7467,1
A6285,1
A22937,1
A23243,1
A19327,1
A3816,1
A8075,1
A24285,1
A15393,1
A1771,1
A16005,1
A16198,1
A452,1
A12037,1
A24469,1
A941,1
A8299,1
A27945,1
A23377,1
A27574,1
A26908,1
A7445,1
A5219,1
A23564,1
A13150,1
A22944,1
A15762,1
A29966,1
A4917,1
A2357,1
A11142,1
A3139,1
A28988,1
A22829,1
A9794,1
A10935,1
A3985,1
A3077,1
A4836,1
A16807,1
A5410,1
A28133,1
A13040,1
A21438,1
A23433,1
A24769,1
A4076,1
A18459,1
A2702,1
A7127,1
A6798,1
A13761,1
A24818,1
A17321,1
A2576,1
A8271,1
A6970,1
A15719,1
A4235,1
A18182,1
A4638,1
A19414,1
A7995,1
A23435,1
A1520,1
A10751,1
A8617,1
A8214,1
A24312,1
A23987,1
A14190,1
A10939,1
A19015,1
A22721,1
A23009,1
A14548,1
A16041,1
A4282,1
A8068,1
A15785,1
A22929,1
A18265,1
A17108,1
A7098,1
A29709,1
A10082,1
A28073,1
A21550,1
A2667,1
A9253,1
A20879,1
A26044,1
A24275,1
A25665,1
A20729,1
A407,1
A24940,1
A26872,1
A18729,1
A11708,1
A23973,1
A17720,1
A9040,1
A17162,1
A7337,1
A23093,1
A13703,1
A13332,1
A18634,1
A19250,1
A14265,1
A6532,1
A24825,1
A18356,1
A15621,1
A27621,1
A24338,1
A25498,1
A3725,1
A13716,1
A1412,1
A26966,1
A22215,1
A1422,1
A5646,1
A23451,1
A28681,1
A11780,1
A11280,1
A15185,1
A19779,1
A15174,1
A7523,1
A4514,1
A14828,1
A28012,1
A21634,1
A1462,1
A22177,1
A26600,1
A7309,1
A9693,1
A11028,1
A11558,1
A11197,1
A25204,1
A14972,1
A15340,1
A7596,1
A16944,1
A16035,1
A4254,1
A19943,1
A19939,1
A18574,1
A4202,1
A28923,1
A22865,1
A10530,1
A2308,1
A11636,1
A2164,1
A4337,1
A24021,1
A7196,1
A13767,1
A27411,1
A6239,1
A6291,1
A2178,1
A22302,1
A10393,1
A6202,1
A1105,1
A2904,1
A22467,1
A993,1
A2149,1
A4957,1
A28038,1
A16963,1
A27701,1
A16842,1
A9126,1
A28464,1
A5020,1
A14645,1
A16815,1
A20445,1
A20301,1
A21372,1
A16087,1
A609,1
A8543,1
A15207,1
A12445,1
A5252,1
A22868,1
A9407,1
A12349,1
A21528,1
A11214,1
A11882,1
A28197,1
A7273,1
A20660,1
A15325,1
A24289,1
A29433,1
A845,1
A28786,1
A15661,1
A27328,1
A425,1
A947,1
A12123,1
A4225,1
A14352,1
A2167,1
A18833,1
A8661,1
A2168,1
A9831,1
A11104,1
A2781,1
A1767,1
A1850,1
A26905,1
